parcel,sheet,transect,survey_year,cover_pct
IND105,IND105,1.1000000000000001,1999,4.5
IND105,IND105,1.1000000000000001,2001,4.5
IND105,IND105,1.1000000000000001,2017,19.5
IND105,IND105,1.1000000000000001,2018,8.21917808219178
IND105,IND105,1.2,1999,6.5
IND105,IND105,1.2,2001,7.000000000000001
IND105,IND105,1.2,2017,21.363636363636363
IND105,IND105,1.2,2018,8.5
IND105,IND105,2.1,1999,7
IND105,IND105,2.1,2001,9.5
IND105,IND105,2.1,2017,11
IND105,IND105,2.1,2018,7.211538461538461
IND105,IND105,2.2000000000000002,1999,5.5
IND105,IND105,2.2000000000000002,2001,8.5
IND105,IND105,2.2000000000000002,2017,20.673076923076923
IND105,IND105,2.2000000000000002,2018,8
IND105,IND105,3.1,1999,6
IND105,IND105,3.1,2001,5.5
IND105,IND105,3.1,2017,14
IND105,IND105,3.1,2018,19.791666666666664
IND105,IND105,3.2,1999,4.166666666666666
IND105,IND105,3.2,2001,10.416666666666666
IND105,IND105,3.2,2017,32.460732984293195
IND105,IND105,3.2,2018,5.5
IND105,IND105,4.0999999999999996,1999,7
IND105,IND105,4.0999999999999996,2001,9
IND105,IND105,4.0999999999999996,2017,12.5
IND105,IND105,4.0999999999999996,2018,14.689265536723164
IND105,IND105,4.2,1999,10.734463276836157
IND105,IND105,4.2,2001,12.429378531073448
IND105,IND105,4.2,2017,34.65909090909091
IND105,IND105,4.2,2018,8.955223880597014
IND105,IND105,5.0999999999999996,1999,14.500000000000002
IND105,IND105,5.0999999999999996,2001,22
IND105,IND105,5.0999999999999996,2017,23
IND105,IND105,5.0999999999999996,2018,19.10828025477707
IND105,IND105,5.2,1999,7.006369426751593
IND105,IND105,5.2,2001,19.745222929936304
IND105,IND105,5.2,2017,35.031847133757964
IND105,IND105,5.2,2018,16.5
IND105,IND105,6.1,1999,11.5
IND105,IND105,6.1,2001,17
IND105,IND105,6.1,2017,17
IND105,IND105,6.1,2018,28.35820895522388
IND105,IND105,6.2,1999,15.555555555555555
IND105,IND105,6.2,2001,22.962962962962962
IND105,IND105,6.2,2017,31.343283582089555
IND105,IND105,6.2,2018,12
IND123,IND123,1.1000000000000001,2001,0.5
IND123,IND123,1.1000000000000001,2006,7.5
IND123,IND123,1.2,2001,0.5
IND123,IND123,1.2,2006,5
IND123,IND123,1.3,2001,7.438016528925621
IND123,IND123,1.3,2006,17.21311475409836
IND123,IND123,2.1,2001,2
IND123,IND123,2.1,2006,10
IND123,IND123,2.2000000000000002,2001,1.5
IND123,IND123,2.2000000000000002,2006,5.5
IND123,IND123,2.2999999999999998,2001,1.5
IND123,IND123,2.2999999999999998,2006,10
IND123,IND123,2.4,2001,1.4084507042253522
IND123,IND123,2.4,2006,2.7777777777777777
IND123,IND123,3.1,2001,13
IND123,IND123,3.1,2006,25
IND123,IND123,3.2,2001,6.5
IND123,IND123,3.2,2006,18.5
IND123,IND123,3.3,2001,9.5
IND123,IND123,3.3,2006,16
IND123,IND123,3.4,2001,4.3478260869565215
IND123,IND123,3.4,2006,17.391304347826086
IND123,IND123,4.0999999999999996,2001,0
IND123,IND123,4.0999999999999996,2006,18.5
IND123,IND123,4.2,2001,3
IND123,IND123,4.2,2006,19
IND123,IND123,4.3,2001,8.284023668639053
IND123,IND123,4.3,2006,15.204678362573098
IND123,IND123,5.0999999999999996,2001,3.5000000000000004
IND123,IND123,5.0999999999999996,2006,28.999999999999996
IND123,IND123,5.2,2001,7
IND123,IND123,5.2,2006,20
IND123,IND123,5.3,2001,11.607142857142858
IND123,IND123,5.3,2006,25.663716814159294
IND123,IND123,6.1,2001,7.772020725388601
IND123,IND123,6.1,2006,35.56701030927835
IND131N,IND131N,1.1000000000000001,2001,2
IND131N,IND131N,1.1000000000000001,2006,9.5
IND131N,IND131N,1.1000000000000001,2012,10
IND131N,IND131N,1.1000000000000001,2018,5
IND131N,IND131N,1.2,2001,0.5
IND131N,IND131N,1.2,2006,6.5
IND131N,IND131N,1.2,2012,8.5
IND131N,IND131N,1.2,2018,9
IND131N,IND131N,1.3,2001,1.4492753623188406
IND131N,IND131N,1.3,2006,4.3478260869565215
IND131N,IND131N,1.3,2012,7.246376811594203
IND131N,IND131N,1.3,2018,8.5
IND131N,IND131N,2.1,2001,4.5
IND131N,IND131N,2.1,2006,18
IND131N,IND131N,2.1,2012,25.5
IND131N,IND131N,2.1,2018,3
IND131N,IND131N,2.2000000000000002,2001,1
IND131N,IND131N,2.2000000000000002,2006,14.5
IND131N,IND131N,2.2000000000000002,2012,21.5
IND131N,IND131N,2.2000000000000002,2018,8.5
IND131N,IND131N,2.2999999999999998,2001,0
IND131N,IND131N,2.2999999999999998,2006,7.5
IND131N,IND131N,2.2999999999999998,2012,11.5
IND131N,IND131N,2.2999999999999998,2018,3.5000000000000004
IND131N,IND131N,2.4,2001,6.5
IND131N,IND131N,2.4,2006,9.5
IND131N,IND131N,2.4,2012,11.5
IND131N,IND131N,2.4,2018,14.000000000000002
IND131N,IND131N,3.1,2001,18
IND131N,IND131N,3.1,2006,51.5
IND131N,IND131N,3.1,2012,40
IND131N,IND131N,3.1,2018,4.522613065326634
IND131N,IND131N,3.2,2001,2
IND131N,IND131N,3.2,2006,0
IND131N,IND131N,3.2,2012,2.5
IND131N,IND131N,3.2,2018,12.5
IND131S,IND131S,1.1000000000000001,2001,0
IND131S,IND131S,1.1000000000000001,2006,10
IND131S,IND131S,1.1000000000000001,2012,11.616161616161616
IND131S,IND131S,1.1000000000000001,2016,16
IND131S,IND131S,1.1000000000000001,2017,23
IND131S,IND131S,1.2,2001,0
IND131S,IND131S,1.2,2006,1.5
IND131S,IND131S,1.2,2012,1.0101010101010102
IND131S,IND131S,1.2,2016,0.5
IND131S,IND131S,1.2,2017,4.5
IND131S,IND131S,1.3,2001,0
IND131S,IND131S,1.3,2006,4
IND131S,IND131S,1.3,2012,3.0303030303030303
IND131S,IND131S,1.3,2016,4.5
IND131S,IND131S,1.3,2017,2.5
IND131S,IND131S,1.5,2001,0
IND131S,IND131S,1.5,2006,1.5
IND131S,IND131S,1.5,2012,1.5151515151515151
IND131S,IND131S,1.5,2016,1
IND131S,IND131S,1.5,2017,3
IND131S,IND131S,1.6,2001,0
IND131S,IND131S,1.6,2006,6.896551724137931
IND131S,IND131S,1.6,2012,3.508771929824561
IND131S,IND131S,1.6,2016,5.847953216374268
IND131S,IND131S,1.6,2017,3.571428571428571
IND131S,IND131S,2.1,2001,0
IND131S,IND131S,2.1,2006,10.256410256410255
IND131S,IND131S,2.1,2012,5.555555555555555
IND131S,IND131S,2.1,2016,4.5
IND131S,IND131S,2.1,2017,13
IND131S,IND131S,2.2000000000000002,2001,0
IND131S,IND131S,2.2000000000000002,2006,7
IND131S,IND131S,2.2000000000000002,2012,2.0202020202020203
IND131S,IND131S,2.2000000000000002,2016,0.5
IND131S,IND131S,2.2000000000000002,2017,5.5
IND131S,IND131S,2.2999999999999998,2001,0
IND131S,IND131S,2.2999999999999998,2006,1
IND131S,IND131S,2.2999999999999998,2012,1.5
IND131S,IND131S,2.2999999999999998,2016,2.5
IND131S,IND131S,2.2999999999999998,2017,4
IND131S,IND131S,2.5,2001,0
IND131S,IND131S,2.5,2006,0
IND131S,IND131S,2.5,2012,2.0202020202020203
IND131S,IND131S,2.5,2016,0
IND131S,IND131S,2.5,2017,3
IND131S,IND131S,2.6,2001,0
IND131S,IND131S,2.6,2006,1.5
IND131S,IND131S,2.6,2012,3.5353535353535355
IND131S,IND131S,2.6,2016,7.000000000000001
IND131S,IND131S,2.6,2017,5.5
IND131S,IND131S,2.7,2001,0
IND131S,IND131S,2.7,2006,5
IND131S,IND131S,2.7,2012,9.090909090909092
IND131S,IND131S,2.7,2016,14.285714285714285
IND131S,IND131S,2.7,2017,1.3333333333333335
IND131S,IND131S,3.1,2001,0.5
IND131S,IND131S,3.1,2006,3
IND131S,IND131S,3.1,2012,6
IND131S,IND131S,3.1,2016,20.5
IND131S,IND131S,3.1,2017,28
IND131S,IND131S,3.2,2001,6.5
IND131S,IND131S,3.2,2006,8.5
IND131S,IND131S,3.2,2012,10
IND131S,IND131S,3.2,2016,11.5
IND131S,IND131S,3.2,2017,13
IND131S,IND131S,3.3,2001,0.5
IND131S,IND131S,3.3,2006,4
IND131S,IND131S,3.3,2012,2
IND131S,IND131S,3.3,2016,3
IND131S,IND131S,3.3,2017,3
IND131S,IND131S,3.4,2001,9
IND131S,IND131S,3.4,2006,9
IND131S,IND131S,3.4,2012,10
IND131S,IND131S,3.4,2016,5
IND131S,IND131S,3.4,2017,4.5
IND131S,IND131S,3.5,2001,2
IND131S,IND131S,3.5,2006,3.5000000000000004
IND131S,IND131S,3.5,2012,4.5
IND131S,IND131S,3.5,2016,2
IND131S,IND131S,3.5,2017,2
IND131S,IND131S,3.6,2001,5.5
IND131S,IND131S,3.6,2006,10.5
IND131S,IND131S,3.6,2012,7.000000000000001
IND131S,IND131S,3.6,2016,3.5000000000000004
IND131S,IND131S,3.6,2017,6
IND131S,IND131S,3.7,2001,13.043478260869565
IND131S,IND131S,3.7,2006,23.404255319148938
IND131S,IND131S,3.7,2012,23.404255319148938
IND131S,IND131S,3.7,2016,8.51063829787234
IND131S,IND131S,3.7,2017,23.404255319148938
IND131S,IND131S,4.0999999999999996,2001,4.5
IND131S,IND131S,4.0999999999999996,2006,3
IND131S,IND131S,4.0999999999999996,2012,3
IND131S,IND131S,4.0999999999999996,2016,5.5
IND131S,IND131S,4.0999999999999996,2017,6.5
IND131S,IND131S,4.2,2001,0
IND131S,IND131S,4.2,2006,3.3707865168539324
IND131S,IND131S,4.2,2012,22.727272727272727
IND131S,IND131S,4.2,2016,11
IND131S,IND131S,4.2,2017,29.545454545454547
IND131S,IND131S,5.0999999999999996,2001,17.5
IND131S,IND131S,5.0999999999999996,2006,40.24390243902439
IND131S,IND131S,5.0999999999999996,2012,37.80487804878049
IND131S,IND131S,5.0999999999999996,2016,27.4390243902439
IND131S,IND131S,5.0999999999999996,2017,28.5
BLK16E,BLK016E,1.1000000000000001,1999,6.944444444444445
BLK16E,BLK016E,1.1000000000000001,2002,11.11111111111111
BLK16E,BLK016E,1.1000000000000001,2005,2.083333333333333
BLK16E,BLK016E,1.1000000000000001,2010,24.64788732394366
BLK16E,BLK016E,2.1,1999,1.5384615384615385
BLK16E,BLK016E,2.1,2002,10.76923076923077
BLK16E,BLK016E,2.1,2005,6.923076923076923
BLK16E,BLK016E,2.1,2010,30.769230769230774
BLK16E,BLK016E,2.2000000000000002,1999,7.575757575757576
BLK16E,BLK016E,2.2000000000000002,2002,16.666666666666668
BLK16E,BLK016E,2.2000000000000002,2005,4.545454545454545
BLK16E,BLK016E,2.2000000000000002,2010,62.121212121212125
BLK16E,BLK016E,3.1,1999,1.2048192771084338
BLK16E,BLK016E,3.1,2002,20.481927710843372
BLK16E,BLK016E,3.1,2005,3.614457831325301
BLK16E,BLK016E,3.1,2010,36.144578313253014
BLK16E,BLK016E,3.2,1999,22.857142857142858
BLK16E,BLK016E,3.2,2002,31.42857142857143
BLK16E,BLK016E,3.2,2005,14.285714285714285
BLK16E,BLK016E,3.2,2010,74.99999999999999
BLK16E,BLK016E,4.0999999999999996,1999,4.385964912280701
BLK16E,BLK016E,4.0999999999999996,2002,6.140350877192982
BLK16E,BLK016E,4.0999999999999996,2005,3.508771929824561
BLK16E,BLK016E,4.0999999999999996,2010,27.826086956521742
BLK16E,BLK016E,5.0999999999999996,1999,5.48780487804878
BLK16E,BLK016E,5.0999999999999996,2002,21.341463414634145
BLK16E,BLK016E,5.0999999999999996,2005,17.073170731707318
BLK16E,BLK016E,5.0999999999999996,2010,30.487804878048784
BLK16E,BLK016E,6.1,1999,4.060913705583756
BLK16E,BLK016E,6.1,2002,5.583756345177665
BLK16E,BLK016E,6.1,2005,12.18274111675127
BLK16E,BLK016E,6.1,2010,23.350253807106597
BLK16E,BLK016E,7.1,1999,6.837606837606838
BLK16E,BLK016E,7.1,2002,5.128205128205128
BLK16E,BLK016E,7.1,2005,6.837606837606838
BLK16E,BLK016E,7.1,2010,13.793103448275861
TIN054,TIN054,1.1000000000000001,1999,0
TIN054,TIN054,1.1000000000000001,2004,3.4482758620689653
TIN054,TIN054,1.1000000000000001,2012,6.896551724137931
TIN054,TIN054,1.1000000000000001,2016,6.896551724137931
TIN054,TIN054,1.1000000000000001,2017,6.896551724137931
TIN054,TIN054,2.1,1999,18.75
TIN054,TIN054,2.1,2004,9.375
TIN054,TIN054,2.1,2012,6.0606060606060606
TIN054,TIN054,2.1,2016,0
TIN054,TIN054,2.1,2017,6.25
TIN054,TIN054,3.1,1999,5.555555555555555
TIN054,TIN054,3.1,2004,0
TIN054,TIN054,3.1,2012,0
TIN054,TIN054,3.1,2016,0
TIN054,TIN054,3.1,2017,11.428571428571429
TIN054,TIN054,4.0999999999999996,1999,2.5
TIN054,TIN054,4.0999999999999996,2004,5
TIN054,TIN054,4.0999999999999996,2012,0
TIN054,TIN054,4.0999999999999996,2016,0
TIN054,TIN054,4.0999999999999996,2017,0
TIN054,TIN054,5.0999999999999996,1999,2.272727272727273
TIN054,TIN054,5.0999999999999996,2004,0
TIN054,TIN054,5.0999999999999996,2012,2.272727272727273
TIN054,TIN054,5.0999999999999996,2016,2.272727272727273
TIN054,TIN054,5.0999999999999996,2017,14.285714285714285
TIN054,TIN054,6.1,1999,10.416666666666668
TIN054,TIN054,6.1,2004,2.083333333333333
TIN054,TIN054,6.1,2012,0
TIN054,TIN054,6.1,2016,0
TIN054,TIN054,6.1,2017,2.127659574468085
TIN054,TIN054,7.1,1999,3.9215686274509802
TIN054,TIN054,7.1,2004,1.9607843137254901
TIN054,TIN054,7.1,2012,3.8461538461538463
TIN054,TIN054,7.1,2016,3.9215686274509802
TIN054,TIN054,7.1,2017,4
TIN054,TIN054,8.1,1999,0
TIN054,TIN054,8.1,2004,6.25
TIN054,TIN054,8.1,2012,2.0408163265306123
TIN054,TIN054,8.1,2016,0
TIN054,TIN054,8.1,2017,3.7037037037037033
TIN054,TIN054,9.1,1999,9.523809523809524
TIN054,TIN054,9.1,2004,11.904761904761905
TIN054,TIN054,9.1,2012,6.976744186046512
TIN054,TIN054,9.1,2016,0
TIN054,TIN054,9.1,2017,0
TIN054,TIN054,10.1,1999,5.405405405405405
TIN054,TIN054,10.1,2004,0
TIN054,TIN054,10.1,2012,0
TIN054,TIN054,10.1,2016,2.7027027027027026
TIN054,TIN054,10.1,2017,5.405405405405405
TIN054,TIN054,13.1,1999,0
TIN054,TIN054,13.1,2004,3.4482758620689653
TIN054,TIN054,13.1,2012,0
TIN054,TIN054,13.1,2016,0
TIN054,TIN054,13.1,2017,0
TIN054,TIN054,14.1,1999,0
TIN054,TIN054,14.1,2004,4.3478260869565215
TIN054,TIN054,14.1,2012,4.166666666666666
TIN054,TIN054,14.1,2016,0
TIN054,TIN054,14.1,2017,4.3478260869565215
TIN054,TIN054,16.100000000000001,1999,0
TIN054,TIN054,16.100000000000001,2004,7.6923076923076925
TIN054,TIN054,16.100000000000001,2012,0
TIN054,TIN054,16.100000000000001,2016,0
TIN054,TIN054,16.100000000000001,2017,0
BIS097,BIS097,1.1000000000000001,1999,5
BIS097,BIS097,1.1000000000000001,2003,1.5
BIS097,BIS097,1.1000000000000001,2007,3
BIS097,BIS097,1.1000000000000001,2012,7.000000000000001
BIS097,BIS097,1.1000000000000001,2016,10
BIS097,BIS097,1.1000000000000001,2017,16.5
BIS097,BIS097,1.2,1999,1
BIS097,BIS097,1.2,2003,1
BIS097,BIS097,1.2,2007,0.5
BIS097,BIS097,1.2,2012,2
BIS097,BIS097,1.2,2016,5
BIS097,BIS097,1.2,2017,8.5
BIS097,BIS097,1.3,1999,4
BIS097,BIS097,1.3,2003,5.5
BIS097,BIS097,1.3,2007,2.5
BIS097,BIS097,1.3,2012,3.5000000000000004
BIS097,BIS097,1.3,2016,8.5
BIS097,BIS097,1.3,2017,12.5
BIS097,BIS097,1.4,1999,0
BIS097,BIS097,1.4,2003,0
BIS097,BIS097,1.4,2007,0
BIS097,BIS097,1.4,2012,8.5
BIS097,BIS097,1.4,2016,17
BIS097,BIS097,1.4,2017,27.500000000000004
BIS097,BIS097,1.5,1999,8.5
BIS097,BIS097,1.5,2003,6
BIS097,BIS097,1.5,2007,3.5000000000000004
BIS097,BIS097,1.5,2012,9.5
BIS097,BIS097,1.5,2016,9
BIS097,BIS097,1.5,2017,12.5
BIS097,BIS097,2.1,1999,4
BIS097,BIS097,2.1,2003,6.5
BIS097,BIS097,2.1,2007,2
BIS097,BIS097,2.1,2012,2.5
BIS097,BIS097,2.1,2016,5
BIS097,BIS097,2.1,2017,5.5
BIS097,BIS097,2.2000000000000002,1999,1
BIS097,BIS097,2.2000000000000002,2003,2
BIS097,BIS097,2.2000000000000002,2007,0
BIS097,BIS097,2.2000000000000002,2012,1.5
BIS097,BIS097,2.2000000000000002,2016,4
BIS097,BIS097,2.2000000000000002,2017,6.5
BIS097,BIS097,2.2999999999999998,1999,3.5000000000000004
BIS097,BIS097,2.2999999999999998,2003,4
BIS097,BIS097,2.2999999999999998,2007,4
BIS097,BIS097,2.2999999999999998,2012,7.5
BIS097,BIS097,2.2999999999999998,2016,7.5
BIS097,BIS097,2.2999999999999998,2017,7.000000000000001
BIS097,BIS097,2.4,1999,0
BIS097,BIS097,2.4,2003,0.5
BIS097,BIS097,2.4,2007,1
BIS097,BIS097,2.4,2012,3.5000000000000004
BIS097,BIS097,2.4,2016,12.5
BIS097,BIS097,2.4,2017,14.499999999999998
BIS097,BIS097,2.5,1999,0
BIS097,BIS097,2.5,2003,0
BIS097,BIS097,2.5,2007,0
BIS097,BIS097,2.5,2012,2
BIS097,BIS097,2.5,2016,8
BIS097,BIS097,2.5,2017,8.5
BIS097,BIS097,2.6,1999,0
BIS097,BIS097,2.6,2003,0
BIS097,BIS097,2.6,2007,0
BIS097,BIS097,2.6,2012,0.5
BIS097,BIS097,2.6,2016,6
BIS097,BIS097,2.6,2017,9
BIS097,BIS097,2.7,1999,0
BIS097,BIS097,2.7,2003,0
BIS097,BIS097,2.7,2007,0
BIS097,BIS097,2.7,2012,3.5000000000000004
BIS097,BIS097,2.7,2016,8
BIS097,BIS097,2.7,2017,12
BIS097,BIS097,2.8,1999,8.542713567839197
BIS097,BIS097,2.8,2003,16.08040201005025
BIS097,BIS097,2.8,2007,11
BIS097,BIS097,2.8,2012,16
BIS097,BIS097,2.8,2016,15
BIS097,BIS097,2.8,2017,18
BIS097,BIS097,3.1,1999,0
BIS097,BIS097,3.1,2003,0
BIS097,BIS097,3.1,2007,0
BIS097,BIS097,3.1,2012,3
BIS097,BIS097,3.1,2016,2.5
BIS097,BIS097,3.1,2017,6
BIS097,BIS097,3.2,1999,0
BIS097,BIS097,3.2,2003,0
BIS097,BIS097,3.2,2007,0
BIS097,BIS097,3.2,2012,0
BIS097,BIS097,3.2,2016,8
BIS097,BIS097,3.2,2017,12
BIS097,BIS097,3.3,1999,0.5
BIS097,BIS097,3.3,2003,0
BIS097,BIS097,3.3,2007,0
BIS097,BIS097,3.3,2012,0
BIS097,BIS097,3.3,2016,0.5
BIS097,BIS097,3.3,2017,3
BIS097,BIS097,3.4,1999,0
BIS097,BIS097,3.4,2003,0
BIS097,BIS097,3.4,2007,0
BIS097,BIS097,3.4,2012,1.5
BIS097,BIS097,3.4,2016,6
BIS097,BIS097,3.4,2017,10.5
BIS097,BIS097,3.5,1999,0
BIS097,BIS097,3.5,2003,0
BIS097,BIS097,3.5,2007,0
BIS097,BIS097,3.5,2012,0.5
BIS097,BIS097,3.5,2016,0.5
BIS097,BIS097,3.5,2017,1
BIS097,BIS097,3.6,1999,1
BIS097,BIS097,3.6,2003,0
BIS097,BIS097,3.6,2007,0
BIS097,BIS097,3.6,2012,1.5
BIS097,BIS097,3.6,2016,3
BIS097,BIS097,3.6,2017,1
BIS097,BIS097,3.7,1999,4.522613065326633
BIS097,BIS097,3.7,2003,15.57788944723618
BIS097,BIS097,3.7,2007,5.527638190954774
BIS097,BIS097,3.7,2012,9.5
BIS097,BIS097,3.7,2016,10.5
BIS097,BIS097,3.7,2017,17
BIS097,BIS097,4.0999999999999996,1999,1.5
BIS097,BIS097,4.0999999999999996,2003,1
BIS097,BIS097,4.0999999999999996,2007,1
BIS097,BIS097,4.0999999999999996,2012,8
BIS097,BIS097,4.0999999999999996,2016,9.5
BIS097,BIS097,4.0999999999999996,2017,17.5
BIS097,BIS097,4.2,1999,0
BIS097,BIS097,4.2,2003,2
BIS097,BIS097,4.2,2007,3
BIS097,BIS097,4.2,2012,6.5
BIS097,BIS097,4.2,2016,4
BIS097,BIS097,4.2,2017,7.5
BIS097,BIS097,4.3,1999,0
BIS097,BIS097,4.3,2003,1
BIS097,BIS097,4.3,2007,0
BIS097,BIS097,4.3,2012,5
BIS097,BIS097,4.3,2016,7.000000000000001
BIS097,BIS097,4.3,2017,13.5
BIS097,BIS097,4.4000000000000004,1999,0
BIS097,BIS097,4.4000000000000004,2003,4.5
BIS097,BIS097,4.4000000000000004,2007,6
BIS097,BIS097,4.4000000000000004,2012,6
BIS097,BIS097,4.4000000000000004,2016,8
BIS097,BIS097,4.4000000000000004,2017,7.5
BIS097,BIS097,4.5,1999,0
BIS097,BIS097,4.5,2003,2.5
BIS097,BIS097,4.5,2007,5.5
BIS097,BIS097,4.5,2012,7.5
BIS097,BIS097,4.5,2016,10
BIS097,BIS097,4.5,2017,15
BIS097,BIS097,4.5999999999999996,1999,3
BIS097,BIS097,4.5999999999999996,2003,2
BIS097,BIS097,4.5999999999999996,2007,2.5
BIS097,BIS097,4.5999999999999996,2012,2.5
BIS097,BIS097,4.5999999999999996,2016,1.5
BIS097,BIS097,4.5999999999999996,2017,3
BIS097,BIS097,4.7,1999,15.873015873015872
BIS097,BIS097,4.7,2003,12.698412698412696
BIS097,BIS097,4.7,2007,8
BIS097,BIS097,4.7,2012,7.500000000000001
BIS097,BIS097,4.7,2016,4
BIS097,BIS097,4.7,2017,13.227513227513228
BIS097,BIS097,5.0999999999999996,1999,10.5
BIS097,BIS097,5.0999999999999996,2003,16
BIS097,BIS097,5.0999999999999996,2007,7.5
BIS097,BIS097,5.0999999999999996,2012,10.5
BIS097,BIS097,5.0999999999999996,2016,2
BIS097,BIS097,5.0999999999999996,2017,7.5
BIS097,BIS097,5.2,1999,15
BIS097,BIS097,5.2,2003,16.5
BIS097,BIS097,5.2,2007,9.5
BIS097,BIS097,5.2,2012,5
BIS097,BIS097,5.2,2016,9.5
BIS097,BIS097,5.2,2017,19
BIS097,BIS097,5.3,1999,1.5
BIS097,BIS097,5.3,2003,0
BIS097,BIS097,5.3,2007,1.5
BIS097,BIS097,5.3,2012,6.5
BIS097,BIS097,5.3,2016,7.5
BIS097,BIS097,5.3,2017,9
BIS097,BIS097,5.4,1999,0.5
BIS097,BIS097,5.4,2003,1.5
BIS097,BIS097,5.4,2007,4
BIS097,BIS097,5.4,2012,2.5
BIS097,BIS097,5.4,2016,6.5
BIS097,BIS097,5.4,2017,8
BIS097,BIS097,5.5,1999,4.5
BIS097,BIS097,5.5,2003,4
BIS097,BIS097,5.5,2007,2.5
BIS097,BIS097,5.5,2012,2.5
BIS097,BIS097,5.5,2016,1.5
BIS097,BIS097,5.5,2017,3.5000000000000004
BIS097,BIS097,5.6,1999,0.5
BIS097,BIS097,5.6,2003,0
BIS097,BIS097,5.6,2007,1.5
BIS097,BIS097,5.6,2012,5
BIS097,BIS097,5.6,2016,5
BIS097,BIS097,5.6,2017,10
BIS097,BIS097,6.1,1999,2
BIS097,BIS097,6.1,2003,3
BIS097,BIS097,6.1,2007,5
BIS097,BIS097,6.1,2012,3.5000000000000004
BIS097,BIS097,6.1,2016,2
BIS097,BIS097,6.1,2017,3.5000000000000004
BIS097,BIS097,6.2,1999,4.5
BIS097,BIS097,6.2,2003,5.5
BIS097,BIS097,6.2,2007,14.000000000000002
BIS097,BIS097,6.2,2012,3.535353535353535
BIS097,BIS097,6.2,2016,5
BIS097,BIS097,6.2,2017,8.5
BIS097,BIS097,6.3,1999,2
BIS097,BIS097,6.3,2003,2.5
BIS097,BIS097,6.3,2007,4
BIS097,BIS097,6.3,2012,5.5
BIS097,BIS097,6.3,2016,5
BIS097,BIS097,6.3,2017,9.5
BIS097,BIS097,6.4,1999,0.5
BIS097,BIS097,6.4,2003,0
BIS097,BIS097,6.4,2007,3
BIS097,BIS097,6.4,2012,2
BIS097,BIS097,6.4,2016,2.5
BIS097,BIS097,6.4,2017,6
BIS097,BIS097,6.5,1999,0
BIS097,BIS097,6.5,2003,0
BIS097,BIS097,6.5,2007,0
BIS097,BIS097,6.5,2012,0
BIS097,BIS097,6.5,2016,0.5
BIS097,BIS097,6.5,2017,1.5
BIS097,BIS097,7.1,1999,6
BIS097,BIS097,7.1,2003,7.5
BIS097,BIS097,7.1,2007,2.5
BIS097,BIS097,7.1,2012,3
BIS097,BIS097,7.1,2016,2
BIS097,BIS097,7.1,2017,1
BIS097,BIS097,7.2,1999,2.5
BIS097,BIS097,7.2,2003,2
BIS097,BIS097,7.2,2007,2.5
BIS097,BIS097,7.2,2012,0
BIS097,BIS097,7.2,2016,2
BIS097,BIS097,7.2,2017,6
BIS097,BIS097,7.3,1999,7
BIS097,BIS097,7.3,2003,2.5
BIS097,BIS097,7.3,2007,7.5
BIS097,BIS097,7.3,2012,9.5
BIS097,BIS097,7.3,2016,9
BIS097,BIS097,7.3,2017,9
BIS097,BIS097,7.4,1999,12
BIS097,BIS097,7.4,2003,12.5
BIS097,BIS097,7.4,2007,13.5
BIS097,BIS097,7.4,2012,24.5
BIS097,BIS097,7.4,2016,5.5
BIS097,BIS097,7.4,2017,15
BGP160E,BGP160,1.1000000000000001,1999,4
BGP160E,BGP160,1.1000000000000001,2006,10
BGP160E,BGP160,1.1000000000000001,2012,11
BGP160E,BGP160,1.1000000000000001,2016,9
BGP160E,BGP160,1.1000000000000001,2017,17
BGP160E,BGP160,1.1000000000000001,2019,17
BGP160E,BGP160,1.2,1999,0.5
BGP160E,BGP160,1.2,2006,2.5
BGP160E,BGP160,1.2,2012,4
BGP160E,BGP160,1.2,2016,5.5
BGP160E,BGP160,1.2,2017,10
BGP160E,BGP160,1.2,2019,17
BGP160E,BGP160,1.3,1999,0.5
BGP160E,BGP160,1.3,2006,0
BGP160E,BGP160,1.3,2012,0
BGP160E,BGP160,1.3,2016,1
BGP160E,BGP160,1.3,2017,14.5
BGP160E,BGP160,1.3,2019,14.5
BGP160E,BGP160,1.4,1999,0
BGP160E,BGP160,1.4,2006,0
BGP160E,BGP160,1.4,2012,2
BGP160E,BGP160,1.4,2016,3
BGP160E,BGP160,1.4,2017,5.5
BGP160E,BGP160,1.4,2019,13
BGP160E,BGP160,1.5,1999,1
BGP160E,BGP160,1.5,2006,0
BGP160E,BGP160,1.5,2012,0.5
BGP160E,BGP160,1.5,2016,1
BGP160E,BGP160,1.5,2017,5.5
BGP160E,BGP160,1.5,2019,12.5
BGP160E,BGP160,1.6,1999,0.5
BGP160E,BGP160,1.6,2006,0
BGP160E,BGP160,1.6,2012,1
BGP160E,BGP160,1.6,2016,1
BGP160E,BGP160,1.6,2017,3.5
BGP160E,BGP160,1.6,2019,7.5
BGP160E,BGP160,1.7,1999,3.5000000000000004
BGP160E,BGP160,1.7,2006,2
BGP160E,BGP160,1.7,2012,6.5
BGP160E,BGP160,1.7,2016,2
BGP160E,BGP160,1.7,2017,8.5
BGP160E,BGP160,1.7,2019,13
BGP160E,BGP160,2.1,1999,6
BGP160E,BGP160,2.1,2006,5.5
BGP160E,BGP160,2.1,2012,4.5
BGP160E,BGP160,2.1,2016,3
BGP160E,BGP160,2.1,2017,2.5
BGP160E,BGP160,2.1,2019,8.5
BGP160E,BGP160,2.2000000000000002,1999,0.5
BGP160E,BGP160,2.2000000000000002,2006,1.5
BGP160E,BGP160,2.2000000000000002,2012,3
BGP160E,BGP160,2.2000000000000002,2016,2
BGP160E,BGP160,2.2000000000000002,2017,2.5
BGP160E,BGP160,2.2000000000000002,2019,4
BGP160E,BGP160,2.2999999999999998,1999,1
BGP160E,BGP160,2.2999999999999998,2006,0.5
BGP160E,BGP160,2.2999999999999998,2012,0.5
BGP160E,BGP160,2.2999999999999998,2016,1.5
BGP160E,BGP160,2.2999999999999998,2017,2
BGP160E,BGP160,2.2999999999999998,2019,8.5
BGP160E,BGP160,2.4,1999,0
BGP160E,BGP160,2.4,2006,0
BGP160E,BGP160,2.4,2012,0
BGP160E,BGP160,2.4,2016,0.5
BGP160E,BGP160,2.4,2017,1.5
BGP160E,BGP160,2.4,2019,5
BGP160E,BGP160,2.5,1999,0
BGP160E,BGP160,2.5,2006,1
BGP160E,BGP160,2.5,2012,1
BGP160E,BGP160,2.5,2016,1.5
BGP160E,BGP160,2.5,2017,3.5
BGP160E,BGP160,2.5,2019,9.5
BGP160E,BGP160,2.6,1999,1.5
BGP160E,BGP160,2.6,2006,0
BGP160E,BGP160,2.6,2012,0
BGP160E,BGP160,2.6,2016,0.5
BGP160E,BGP160,2.6,2017,2
BGP160E,BGP160,2.6,2019,6
BGP160E,BGP160,2.7,1999,0.5
BGP160E,BGP160,2.7,2006,1
BGP160E,BGP160,2.7,2012,3
BGP160E,BGP160,2.7,2016,2.5
BGP160E,BGP160,2.7,2017,2.5
BGP160E,BGP160,2.7,2019,5
BGP160E,BGP160,3.1,1999,0
BGP160E,BGP160,3.1,2006,0
BGP160E,BGP160,3.1,2012,0
BGP160E,BGP160,3.1,2016,1
BGP160E,BGP160,3.1,2017,1.5
BGP160E,BGP160,3.1,2019,6
BGP160E,BGP160,3.2,1999,0
BGP160E,BGP160,3.2,2006,0
BGP160E,BGP160,3.2,2012,0
BGP160E,BGP160,3.2,2016,0.5
BGP160E,BGP160,3.2,2017,0
BGP160E,BGP160,3.2,2019,6
BGP160E,BGP160,3.4,1999,0
BGP160E,BGP160,3.4,2006,0
BGP160E,BGP160,3.4,2012,0
BGP160E,BGP160,3.4,2016,0.5
BGP160E,BGP160,3.4,2017,11
BGP160E,BGP160,3.4,2019,24.5
BGP160E,BGP160,3.5,1999,0
BGP160E,BGP160,3.5,2006,0
BGP160E,BGP160,3.5,2012,0
BGP160E,BGP160,3.5,2016,0
BGP160E,BGP160,3.5,2017,8
BGP160E,BGP160,3.5,2019,31
BGP160E,BGP160,3.6,1999,3.5000000000000004
BGP160E,BGP160,3.6,2006,4.5
BGP160E,BGP160,3.6,2012,3
BGP160E,BGP160,3.6,2016,0.5
BGP160E,BGP160,3.6,2017,1.5
BGP160E,BGP160,3.6,2019,4.5
BGP160E,BGP160,3.7,1999,4
BGP160E,BGP160,3.7,2006,8
BGP160E,BGP160,3.7,2012,1
BGP160E,BGP160,3.7,2016,4
BGP160E,BGP160,3.7,2017,6
BGP160E,BGP160,3.7,2019,13
BGP160E,BGP160,4.0999999999999996,1999,8
BGP160E,BGP160,4.0999999999999996,2006,2.5
BGP160E,BGP160,4.0999999999999996,2012,1
BGP160E,BGP160,4.0999999999999996,2016,6.5
BGP160E,BGP160,4.0999999999999996,2017,7.000000000000001
BGP160E,BGP160,4.0999999999999996,2019,7
BGP160E,BGP160,4.2,1999,0.5
BGP160E,BGP160,4.2,2006,2.5
BGP160E,BGP160,4.2,2012,3
BGP160E,BGP160,4.2,2016,1.5
BGP160E,BGP160,4.2,2017,2
BGP160E,BGP160,4.2,2019,4
BGP160E,BGP160,4.3,1999,1
BGP160E,BGP160,4.3,2006,1
BGP160E,BGP160,4.3,2012,1.5
BGP160E,BGP160,4.3,2016,2.5
BGP160E,BGP160,4.3,2017,4.5
BGP160E,BGP160,4.3,2019,11.5
BGP160E,BGP160,4.4000000000000004,1999,0
BGP160E,BGP160,4.4000000000000004,2006,0
BGP160E,BGP160,4.4000000000000004,2012,0
BGP160E,BGP160,4.4000000000000004,2016,0
BGP160E,BGP160,4.4000000000000004,2017,3.5000000000000004
BGP160E,BGP160,4.4000000000000004,2019,12.5
BGP160E,BGP160,4.5,1999,1.5
BGP160E,BGP160,4.5,2006,1
BGP160E,BGP160,4.5,2012,0
BGP160E,BGP160,4.5,2016,0.5
BGP160E,BGP160,4.5,2017,2.5
BGP160E,BGP160,4.5,2019,12
BGP160E,BGP160,4.5999999999999996,1999,2.5
BGP160E,BGP160,4.5999999999999996,2006,3.5
BGP160E,BGP160,4.5999999999999996,2012,6
BGP160E,BGP160,4.5999999999999996,2016,3
BGP160E,BGP160,4.5999999999999996,2017,6.5
BGP160E,BGP160,4.5999999999999996,2019,9.5
BGP160E,BGP160,4.7,1999,0
BGP160E,BGP160,4.7,2006,2.5
BGP160E,BGP160,4.7,2012,4.5
BGP160E,BGP160,4.7,2016,3.5
BGP160E,BGP160,4.7,2017,5
BGP160E,BGP160,4.7,2019,8.5
BGP160E,BGP160,5.0999999999999996,1999,7.5
BGP160E,BGP160,5.0999999999999996,2006,5
BGP160E,BGP160,5.0999999999999996,2012,11.917098445595855
BGP160E,BGP160,5.0999999999999996,2016,3
BGP160E,BGP160,5.0999999999999996,2017,6
BGP160E,BGP160,5.0999999999999996,2019,14.5
BGP160E,BGP160,5.2,1999,1.5
BGP160E,BGP160,5.2,2006,1.5
BGP160E,BGP160,5.2,2012,2.0202020202020203
BGP160E,BGP160,5.2,2016,0.5
BGP160E,BGP160,5.2,2017,2
BGP160E,BGP160,5.2,2019,3
BGP160E,BGP160,5.3,1999,4.5
BGP160E,BGP160,5.3,2006,5
BGP160E,BGP160,5.3,2012,5.05050505050505
BGP160E,BGP160,5.3,2016,2.5
BGP160E,BGP160,5.3,2017,7
BGP160E,BGP160,5.3,2019,10.5
BGP160E,BGP160,5.4,1999,0
BGP160E,BGP160,5.4,2006,0
BGP160E,BGP160,5.4,2012,0
BGP160E,BGP160,5.4,2016,0
BGP160E,BGP160,5.4,2017,4.5
BGP160E,BGP160,5.4,2019,13.5
BGP160E,BGP160,5.5,1999,2
BGP160E,BGP160,5.5,2006,2
BGP160E,BGP160,5.5,2012,0.5050505050505051
BGP160E,BGP160,5.5,2016,2.5
BGP160E,BGP160,5.5,2017,4
BGP160E,BGP160,5.5,2019,16
BGP160E,BGP160,5.6,1999,0
BGP160E,BGP160,5.6,2006,0
BGP160E,BGP160,5.6,2012,2.5
BGP160E,BGP160,5.6,2016,2
BGP160E,BGP160,5.6,2017,4
BGP160E,BGP160,5.6,2019,8.5
BGP160E,BGP160,5.7,1999,2.5
BGP160E,BGP160,5.7,2006,7
BGP160E,BGP160,5.7,2012,6.565656565656567
BGP160E,BGP160,5.7,2016,0.5
BGP160E,BGP160,5.7,2017,2.5
BGP160E,BGP160,5.7,2019,6.5
BGP160E,BGP160,6.1,1999,2
BGP160E,BGP160,6.1,2006,1
BGP160E,BGP160,6.1,2012,1.5151515151515151
BGP160E,BGP160,6.1,2016,0
BGP160E,BGP160,6.1,2017,0
BGP160E,BGP160,6.1,2019,0
BGP160E,BGP160,6.2,1999,0.5
BGP160E,BGP160,6.2,2006,0
BGP160E,BGP160,6.2,2012,0
BGP160E,BGP160,6.2,2016,0
BGP160E,BGP160,6.2,2017,0.5
BGP160E,BGP160,6.2,2019,5.5
BGP160E,BGP160,6.3,1999,1.5
BGP160E,BGP160,6.3,2006,1
BGP160E,BGP160,6.3,2012,1.5151515151515151
BGP160E,BGP160,6.3,2016,2.5
BGP160E,BGP160,6.3,2017,2.5
BGP160E,BGP160,6.3,2019,11.5
BGP160E,BGP160,6.4,1999,0
BGP160E,BGP160,6.4,2006,0
BGP160E,BGP160,6.4,2012,1.5151515151515151
BGP160E,BGP160,6.4,2016,1
BGP160E,BGP160,6.4,2017,1
BGP160E,BGP160,6.4,2019,3
BGP160E,BGP160,6.5,1999,1
BGP160E,BGP160,6.5,2006,1.5
BGP160E,BGP160,6.5,2012,5.555555555555555
BGP160E,BGP160,6.5,2016,3.5000000000000004
BGP160E,BGP160,6.5,2017,5
BGP160E,BGP160,6.5,2019,11
BGP160E,BGP160,6.6,1999,0
BGP160E,BGP160,6.6,2006,0
BGP160E,BGP160,6.6,2012,0
BGP160E,BGP160,6.6,2016,1
BGP160E,BGP160,6.6,2017,1.5
BGP160E,BGP160,6.6,2019,4.5
BGP160E,BGP160,6.7,1999,0.5
BGP160E,BGP160,6.7,2006,0
BGP160E,BGP160,6.7,2012,2.525252525252525
BGP160E,BGP160,6.7,2016,1.5
BGP160E,BGP160,6.7,2017,6
BGP160E,BGP160,6.7,2019,7.5
BGP160E,BGP160,7.1,1999,0.5
BGP160E,BGP160,7.1,2006,0
BGP160E,BGP160,7.1,2012,0
BGP160E,BGP160,7.1,2016,0
BGP160E,BGP160,7.1,2017,0
BGP160E,BGP160,7.1,2019,3.5000000000000004
BGP160E,BGP160,7.2,1999,3
BGP160E,BGP160,7.2,2006,2
BGP160E,BGP160,7.2,2012,1.5
BGP160E,BGP160,7.2,2016,0.5
BGP160E,BGP160,7.2,2017,0
BGP160E,BGP160,7.2,2019,8.5
BGP160E,BGP160,7.3,1999,2.5
BGP160E,BGP160,7.3,2006,3.5
BGP160E,BGP160,7.3,2012,1.5
BGP160E,BGP160,7.3,2016,0.5
BGP160E,BGP160,7.3,2017,0
BGP160E,BGP160,7.3,2019,3
BGP160E,BGP160,7.4,1999,0
BGP160E,BGP160,7.4,2006,0
BGP160E,BGP160,7.4,2012,0.5
BGP160E,BGP160,7.4,2016,0.5
BGP160E,BGP160,7.4,2017,0
BGP160E,BGP160,7.4,2019,2
BGP160E,BGP160,7.5,1999,5.5
BGP160E,BGP160,7.5,2006,4
BGP160E,BGP160,7.5,2012,5.5
BGP160E,BGP160,7.5,2016,4
BGP160E,BGP160,7.5,2017,7
BGP160E,BGP160,7.5,2019,11.5
BGP160E,BGP160,7.6,1999,0.5
BGP160E,BGP160,7.6,2006,3
BGP160E,BGP160,7.6,2012,2
BGP160E,BGP160,7.6,2016,0
BGP160E,BGP160,7.6,2017,1
BGP160E,BGP160,7.6,2019,5
BGP160E,BGP160,7.7,1999,23.5
BGP160E,BGP160,7.7,2006,21.5
BGP160E,BGP160,7.7,2012,21.5
BGP160E,BGP160,7.7,2016,4
BGP160E,BGP160,7.7,2017,6
BGP160E,BGP160,7.7,2019,13
BGP160E,BGP160,8.1,1999,6
BGP160E,BGP160,8.1,2006,17
BGP160E,BGP160,8.1,2012,11
BGP160E,BGP160,8.1,2016,7.5
BGP160E,BGP160,8.1,2017,16
BGP160E,BGP160,8.1,2019,19
BGP160E,BGP160,8.1999999999999993,1999,3
BGP160E,BGP160,8.1999999999999993,2006,9.5
BGP160E,BGP160,8.1999999999999993,2012,2.5
BGP160E,BGP160,8.1999999999999993,2016,2
BGP160E,BGP160,8.1999999999999993,2017,3
BGP160E,BGP160,8.1999999999999993,2019,3.5
BGP160E,BGP160,8.3000000000000007,1999,5.5
BGP160E,BGP160,8.3000000000000007,2006,12.5
BGP160E,BGP160,8.3000000000000007,2012,6
BGP160E,BGP160,8.3000000000000007,2016,1.5
BGP160E,BGP160,8.3000000000000007,2017,2
BGP160E,BGP160,8.3000000000000007,2019,2
BGP160E,BGP160,8.4,1999,6
BGP160E,BGP160,8.4,2006,14
BGP160E,BGP160,8.4,2012,9
BGP160E,BGP160,8.4,2016,5
BGP160E,BGP160,8.4,2017,14.999999999999998
BGP160E,BGP160,8.4,2019,22
BGP160E,BGP160,8.5,1999,8
BGP160E,BGP160,8.5,2006,12
BGP160E,BGP160,8.5,2012,6.5
BGP160E,BGP160,8.5,2016,3.5
BGP160E,BGP160,8.5,2017,9.5
BGP160E,BGP160,8.5,2019,13.5
BGP160W,BGP160W,1.1000000000000001,2013,1.1111111111111112
BGP160W,BGP160W,1.1000000000000001,2016,1.1111111111111112
BGP160W,BGP160W,1.1000000000000001,2017,2.2222222222222223
BGP160W,BGP160W,2.1,2013,2.684563758389262
BGP160W,BGP160W,2.1,2016,6.7114093959731544
BGP160W,BGP160W,2.1,2017,10.06711409395973
BGP160W,BGP160W,1.0,2013,5
BGP160W,BGP160W,1.0,2016,2.5
BGP160W,BGP160W,1.0,2017,6
BGP160W,BGP160W,2.0,2013,0
BGP160W,BGP160W,2.0,2016,1
BGP160W,BGP160W,2.0,2017,2
BGP160W,BGP160W,4.0,2013,0
BGP160W,BGP160W,4.0,2016,0
BGP160W,BGP160W,4.0,2017,0.5
LAW118,LAW118,1.1000000000000001,1999,0
LAW118,LAW118,1.1000000000000001,2006,3.3333333333333335
LAW118,LAW118,1.1000000000000001,2012,0
LAW118,LAW118,1.1000000000000001,2016,0.847457627118644
LAW118,LAW118,1.1000000000000001,2017,3.361344537815126
LAW118,LAW118,1.2,1999,1.680672268907563
LAW118,LAW118,1.2,2006,0
LAW118,LAW118,1.2,2012,0
LAW118,LAW118,1.2,2016,8.5
LAW118,LAW118,1.2,2017,3
LAW118,LAW118,2.1,1999,2.666666666666667
LAW118,LAW118,2.1,2006,4.026845637583892
LAW118,LAW118,2.1,2012,2.6845637583892614
LAW118,LAW118,2.1,2016,3.333333333333334
LAW118,LAW118,2.1,2017,2.666666666666667
LAW118,LAW118,2.2000000000000002,1999,0.5
LAW118,LAW118,2.2000000000000002,2006,0
LAW118,LAW118,2.2000000000000002,2012,0
LAW118,LAW118,2.2000000000000002,2016,0
LAW118,LAW118,2.2000000000000002,2017,0
LAW118,LAW118,3.1,1999,1.5
LAW118,LAW118,3.1,2006,0
LAW118,LAW118,3.1,2012,2
LAW118,LAW118,3.1,2016,1
LAW118,LAW118,3.1,2017,2
LAW118,LAW118,3.2,1999,0
LAW118,LAW118,3.2,2006,0.5
LAW118,LAW118,3.2,2012,0
LAW118,LAW118,3.2,2016,0
LAW118,LAW118,3.2,2017,1
LAW118,LAW118,4.0999999999999996,1999,0.5
LAW118,LAW118,4.0999999999999996,2006,4
LAW118,LAW118,4.0999999999999996,2012,1
LAW118,LAW118,4.0999999999999996,2016,2
LAW118,LAW118,4.0999999999999996,2017,3
LAW118,LAW118,5.0999999999999996,1999,0.5
LAW118,LAW118,5.0999999999999996,2006,0
LAW118,LAW118,5.0999999999999996,2012,2
LAW118,LAW118,5.0999999999999996,2016,1
LAW118,LAW118,5.0999999999999996,2017,2.5
LAW118,LAW118,5.2,1999,1
LAW118,LAW118,5.2,2006,2.5
LAW118,LAW118,5.2,2012,4.5
LAW118,LAW118,5.2,2016,8.5
LAW118,LAW118,5.2,2017,8
LAW118,LAW118,6.2,1999,0
LAW118,LAW118,6.2,2006,0.5
LAW118,LAW118,6.2,2012,0
LAW118,LAW118,6.2,2016,0
LAW118,LAW118,6.2,2017,0
LAW118,LAW118,7.1,1999,0
LAW118,LAW118,7.1,2006,0
LAW118,LAW118,7.1,2012,1
LAW118,LAW118,7.1,2016,0
LAW118,LAW118,7.1,2017,0.5
LAW118,LAW118,7.2,1999,0
LAW118,LAW118,7.2,2006,0
LAW118,LAW118,7.2,2012,2
LAW118,LAW118,7.2,2016,0
LAW118,LAW118,7.2,2017,0
LAW118,LAW118,8.1,1999,2.5
LAW118,LAW118,8.1,2006,5
LAW118,LAW118,8.1,2012,6.5
LAW118,LAW118,8.1,2016,4
LAW118,LAW118,8.1,2017,14
LAW118,LAW118,8.1999999999999993,1999,0
LAW118,LAW118,8.1999999999999993,2006,0
LAW118,LAW118,8.1999999999999993,2012,1
LAW118,LAW118,8.1999999999999993,2016,0.5
LAW118,LAW118,8.1999999999999993,2017,1.5
LAW118,LAW118,9.1,1999,6.5
LAW118,LAW118,9.1,2006,6
LAW118,LAW118,9.1,2012,0
LAW118,LAW118,9.1,2016,21.5
LAW118,LAW118,9.1,2017,22
LAW118,LAW118,9.1999999999999993,1999,0
LAW118,LAW118,9.1999999999999993,2006,2
LAW118,LAW118,9.1999999999999993,2012,0.5
LAW118,LAW118,9.1999999999999993,2016,1.5
LAW118,LAW118,9.1999999999999993,2017,3.5
LAW118,LAW118,10.1,1999,0
LAW118,LAW118,10.1,2006,0
LAW118,LAW118,10.1,2012,0
LAW118,LAW118,10.1,2016,0
LAW118,LAW118,10.1,2017,42.5
LAW118,LAW118,10.199999999999999,1999,0
LAW118,LAW118,10.199999999999999,2006,0
LAW118,LAW118,10.199999999999999,2012,0
LAW118,LAW118,10.199999999999999,2016,0
LAW118,LAW118,10.199999999999999,2017,21
LAW118,LAW118,A1,1999,0
LAW118,LAW118,A1,2006,9.5
LAW118,LAW118,A1,2012,14
LAW118,LAW118,A1,2016,0
LAW118,LAW118,A1,2017,13.5
LAW118,LAW118,A1.2,1999,0
LAW118,LAW118,A1.2,2006,0
LAW118,LAW118,A1.2,2012,4
LAW118,LAW118,A1.2,2016,0
LAW118,LAW118,A1.2,2017,0
LAW118,LAW118,A2,1999,0
LAW118,LAW118,A2,2006,0
LAW118,LAW118,A2,2012,0
LAW118,LAW118,A2,2016,0
LAW118,LAW118,A2,2017,0
LAW118,LAW118,A2.2,1999,0
LAW118,LAW118,A2.2,2006,0
LAW118,LAW118,A2.2,2012,0
LAW118,LAW118,A2.2,2016,0
LAW118,LAW118,A2.2,2017,0
LAW118,LAW118,A3.2,1999,0
LAW118,LAW118,A3.2,2006,0
LAW118,LAW118,A3.2,2012,0
LAW118,LAW118,A3.2,2016,0
LAW118,LAW118,A3.2,2017,0
