parcel,sheet,survey_year,n_transects,mean_cover_pct,stdev_cover_pct,ci80_margin,upper_ci80_pct,target_cover_pct,cover_met,species_richness,target_species_richness,species_richness_met
IND105,IND105,1999,12,8.33025457715083,3.8160741166001473,1.5019626224732419,9.832217199624072,15.3,FALSE,4,3,TRUE
IND105,IND105,2001,12,12.379519257553282,6.446548950808378,2.537287084110588,14.91680634166387,15.3,FALSE,3,3,TRUE
IND105,IND105,2017,12,22.710972324662077,8.688578756039032,3.4197240764317853,26.13069640109386,15.3,TRUE,3,3,TRUE
IND105,IND105,2018,12,13.069446819809835,6.806286591798433,2.6788756576431014,15.748322477452938,15.3,TRUE,4,3,TRUE
IND123,IND123,2001,18,4.964304476182111,4.037462757267216,1.2688959599272789,6.23320043610939,15.3,FALSE,4,3,TRUE
IND123,IND123,2006,18,16.54542235365072,8.78758364536822,2.761766499284832,19.307188852935553,15.3,TRUE,4,3,TRUE
IND131N,IND131N,2001,9,3.9943639291465383,5.637551665945307,2.6248728254881444,6.619236754634683,15.3,FALSE,4,3,TRUE
IND131N,IND131N,2006,9,13.483091787439614,15.199752112887094,7.077082151864115,20.56017393930373,15.3,TRUE,6,3,TRUE
IND131N,IND131N,2012,9,15.360708534621576,11.642850148939289,5.4209704456973435,20.78167898031892,15.3,TRUE,5,3,TRUE
IND131N,IND131N,2018,9,7.32023755139333,3.9170882027546545,1.8238162570749266,9.144053808468257,15.3,FALSE,4,3,TRUE
IND131S,IND131S,2001,21,2.8115942028985508,4.942802969695179,1.4295231368582386,4.241117339756789,15.3,FALSE,4,3,TRUE
IND131S,IND131S,2006,21,7.484376488360735,9.117608539330009,2.636931401008746,10.121307889369481,15.3,FALSE,7,3,TRUE
IND131S,IND131S,2012,21,8.135196067569815,9.268501980245025,2.680571753721707,10.815767821291523,15.3,FALSE,7,3,TRUE
IND131S,IND131S,2016,21,7.361110961438323,7.186640963902462,2.078470373425653,9.439581334863975,15.3,FALSE,7,3,TRUE
IND131S,IND131S,2017,21,10.15973675092216,9.907953026107915,2.865509342889978,13.02524609381214,15.3,FALSE,6,3,TRUE
BLK16E,BLK016E,1999,9,6.76587955849277,6.446775227363525,3.0016514453529513,9.767531003845722,30.6,FALSE,7,4.5,TRUE
BLK16E,BLK016E,2002,9,14.294587050181475,8.91695846386775,4.151781366226868,18.446368416408344,30.6,FALSE,6,4.5,TRUE
BLK16E,BLK016E,2005,9,7.89492528164382,5.339527692142755,2.4861113423954415,10.381036624039261,30.6,FALSE,7,4.5,TRUE
BLK16E,BLK016E,2010,9,36.01557306862139,19.716513809969275,9.180109448180472,45.19568251680187,30.6,TRUE,11,4.5,TRUE
TIN054,TIN054,1999,13,4.488133311662724,5.596022092161909,2.104926981516888,6.593060293179612,29.7,FALSE,4,2.25,TRUE
TIN054,TIN054,2004,13,4.270043465786375,3.7269884007628145,1.4018955456866957,5.671939011473071,29.7,FALSE,4,2.25,TRUE
TIN054,TIN054,2012,13,2.481558929451454,2.804710481685272,1.054983463434073,3.536542392885527,29.7,FALSE,4,2.25,TRUE
TIN054,TIN054,2016,13,1.2148884866937606,2.16455566807984,0.8141911439410278,2.0290796306347882,29.7,FALSE,2,2.25,FALSE
TIN054,TIN054,2017,13,4.495802477612104,4.480755516404288,1.6854227929640448,6.181225270576149,29.7,FALSE,4,2.25,TRUE
BIS097,BIS097,1999,42,3.1175795834805164,4.176513640188107,0.8394241273905179,3.9570037108710343,13.5,FALSE,3,9,FALSE
BIS097,BIS097,2003,42,3.758492956088074,5.066500073663868,1.0182996560422435,4.7767926121303175,13.5,FALSE,4,9,FALSE
BIS097,BIS097,2007,42,3.274467575975114,3.717870462828851,0.7472429011079508,4.021710477083064,13.5,FALSE,4,9,FALSE
BIS097,BIS097,2012,42,5.000841750841751,4.660145395793981,0.936627728145314,5.937469478987065,13.5,FALSE,4,9,FALSE
BIS097,BIS097,2016,42,6.095238095238095,3.8654790118054554,0.7769102715740236,6.872148366812119,13.5,FALSE,4,9,FALSE
BIS097,BIS097,2017,42,9.600655076845552,5.686352584215327,1.1428818309389703,10.743536907784522,13.5,FALSE,4,9,FALSE
BGP160E,BGP160,1999,53,2.4150943396226414,3.754146232265943,0.6693650069885149,3.0844593466111565,15.93,FALSE,11,7.5,TRUE
BGP160E,BGP160,2006,53,3.2547169811320753,4.782402278455392,0.8527032610043019,4.107420242136377,15.93,FALSE,11,7.5,TRUE
BGP160E,BGP160,2012,53,3.1261278342126912,4.013547581125181,0.7156163181920188,3.84174415240471,15.93,FALSE,9,7.5,TRUE
BGP160E,BGP160,2016,53,2.0283018867924527,1.9841077590240528,0.35376680124244553,2.3820686880348982,15.93,FALSE,9,7.5,TRUE
BGP160E,BGP160,2017,53,4.6415094339622645,4.1986460254497135,0.7486194069939355,5.3901288409562,15.93,FALSE,13,7.5,TRUE
BGP160E,BGP160,2019,53,9.679245283018869,6.062252643346049,1.0809008312204746,10.760146114239344,15.93,FALSE,11,7.5,TRUE
BGP160W,BGP160W,2013,5,1.7591349739000748,2.11947347188515,1.4532608388897295,3.2123958127898042,15.93,FALSE,1,7.5,FALSE
BGP160W,BGP160W,2016,5,2.264504101416853,2.6404398239177205,1.8104721971969313,4.074976298613785,15.93,FALSE,1,7.5,FALSE
BGP160W,BGP160W,2017,5,4.1578672632363904,3.876072654513733,2.657709413312915,6.8155766765493055,15.93,FALSE,1,7.5,FALSE
LAW118,LAW118,1999,23,0.7542321276336621,1.4977536214494023,0.412626487174117,1.166858614807779,10.35,FALSE,4,8.25,FALSE
LAW118,LAW118,2006,23,1.6243556074311838,2.5640910199948186,0.7063991401678629,2.3307547475990464,10.35,FALSE,9,8.25,TRUE
LAW118,LAW118,2012,23,1.7906332068864896,3.185267471971199,0.8775313301513237,2.6681645370378133,10.35,FALSE,10,8.25,TRUE
LAW118,LAW118,2016,23,2.290469172193564,4.873003404095522,1.3424973559226856,3.63296652811625,10.35,FALSE,13,8.25,TRUE
LAW118,LAW118,2017,23,6.2620874436731215,10.300030334713083,2.837626478703915,9.099713922377036,10.35,FALSE,23,8.25,TRUE
