parcel,segment_key,segment_beg,segment_end,length_m,n_possible_hits,intercept_spacing_m,source,in_2025_workbook,notes
BGP160E,1.1-1.2,1.1,1.2,102.2,204,0.5,gis_post_distance,True,Post-to-post distance; 0.5 m intercept spacing
BGP160E,1.2-1.3,1.2,1.3,100.12,200,0.5,gis_post_distance,True,Post-to-post distance; 0.5 m intercept spacing
BGP160E,1.3-1.4,1.3,1.4,99.6,199,0.5,gis_post_distance,True,Post-to-post distance; 0.5 m intercept spacing
BGP160E,1.4-1.5,1.4,1.5,101.22,202,0.5,gis_post_distance,True,Post-to-post distance; 0.5 m intercept spacing
BGP160E,1.5-1.6,1.5,1.6,99.93,200,0.5,gis_post_distance,True,Post-to-post distance; 0.5 m intercept spacing
BGP160E,1.6-1.7,1.6,1.7,100.68,201,0.5,gis_post_distance,True,Post-to-post distance; 0.5 m intercept spacing
BGP160E,1.7-1.0,1.7,1.0,102.14,204,0.5,gis_post_distance,True,Post-to-post distance; 0.5 m intercept spacing
BGP160E,2.1-2.2,2.1,2.2,102.19,204,0.5,gis_post_distance,True,Post-to-post distance; 0.5 m intercept spacing
BGP160E,2.2-2.3,2.2,2.3,99.1,198,0.5,gis_post_distance,True,Post-to-post distance; 0.5 m intercept spacing
BGP160E,2.3-2.4,2.3,2.4,100.55,201,0.5,gis_post_distance,True,Post-to-post distance; 0.5 m intercept spacing
BGP160E,2.4-2.5,2.4,2.5,100.95,202,0.5,gis_post_distance,True,Post-to-post distance; 0.5 m intercept spacing
BGP160E,2.5-2.6,2.5,2.6,99.79,200,0.5,gis_post_distance,True,Post-to-post distance; 0.5 m intercept spacing
BGP160E,2.6-2.7,2.6,2.7,100.24,200,0.5,gis_post_distance,True,Post-to-post distance; 0.5 m intercept spacing
BGP160E,2.7-2.0,2.7,2.0,101.0,202,0.5,gis_post_distance,True,Post-to-post distance; 0.5 m intercept spacing
BGP160E,3.1-3.2,3.1,3.2,100.56,201,0.5,gis_post_distance,True,Post-to-post distance; 0.5 m intercept spacing
BGP160E,3.2-3.3,3.2,3.3,99.68,199,0.5,gis_post_distance,True,Post-to-post distance; 0.5 m intercept spacing
BGP160E,3.3-3.4,3.3,3.4,100.12,200,0.5,gis_post_distance,True,Post-to-post distance; 0.5 m intercept spacing
BGP160E,3.4-3.5,3.4,3.5,100.69,201,0.5,gis_post_distance,True,Post-to-post distance; 0.5 m intercept spacing
BGP160E,3.5-3.6,3.5,3.6,101.12,202,0.5,gis_post_distance,True,Post-to-post distance; 0.5 m intercept spacing
BGP160E,3.6-3.7,3.6,3.7,97.99,196,0.5,gis_post_distance,True,Post-to-post distance; 0.5 m intercept spacing
BGP160E,3.7-3.0,3.7,3.0,100.36,201,0.5,gis_post_distance,True,Post-to-post distance; 0.5 m intercept spacing
BGP160E,4.1-4.2,4.1,4.2,101.57,203,0.5,gis_post_distance,True,Post-to-post distance; 0.5 m intercept spacing
BGP160E,4.2-4.3,4.2,4.3,98.68,197,0.5,gis_post_distance,True,Post-to-post distance; 0.5 m intercept spacing
BGP160E,4.3-4.4,4.3,4.4,101.34,203,0.5,gis_post_distance,True,Post-to-post distance; 0.5 m intercept spacing
BGP160E,4.4-4.5,4.4,4.5,100.13,200,0.5,gis_post_distance,True,Post-to-post distance; 0.5 m intercept spacing
BGP160E,4.5-4.6,4.5,4.6,99.69,199,0.5,gis_post_distance,True,Post-to-post distance; 0.5 m intercept spacing
BGP160E,4.6-4.7,4.6,4.7,100.25,200,0.5,gis_post_distance,True,Post-to-post distance; 0.5 m intercept spacing
BGP160E,4.7-4.0,4.7,4.0,99.92,200,0.5,gis_post_distance,True,Post-to-post distance; 0.5 m intercept spacing
BGP160E,5.1-5.2,5.1,5.2,101.15,202,0.5,gis_post_distance,True,Post-to-post distance; 0.5 m intercept spacing
BGP160E,5.2-5.3,5.2,5.3,101.49,203,0.5,gis_post_distance,True,Post-to-post distance; 0.5 m intercept spacing
BGP160E,5.3-5.4,5.3,5.4,99.48,199,0.5,gis_post_distance,True,Post-to-post distance; 0.5 m intercept spacing
BGP160E,5.4-5.5,5.4,5.5,99.48,199,0.5,gis_post_distance,True,Post-to-post distance; 0.5 m intercept spacing
BGP160E,5.5-5.6,5.5,5.6,100.44,201,0.5,gis_post_distance,True,Post-to-post distance; 0.5 m intercept spacing
BGP160E,5.6-5.7,5.6,5.7,100.42,201,0.5,gis_post_distance,True,Post-to-post distance; 0.5 m intercept spacing
BGP160E,5.7-5.0,5.7,5.0,101.57,203,0.5,gis_post_distance,True,Post-to-post distance; 0.5 m intercept spacing
BGP160E,6.1-6.2,6.1,6.2,99.76,200,0.5,gis_post_distance,True,Post-to-post distance; 0.5 m intercept spacing
BGP160E,6.2-6.3,6.2,6.3,101.35,203,0.5,gis_post_distance,True,Post-to-post distance; 0.5 m intercept spacing
BGP160E,6.3-6.4,6.3,6.4,99.79,200,0.5,gis_post_distance,True,Post-to-post distance; 0.5 m intercept spacing
BGP160E,6.4-6.5,6.4,6.5,101.44,203,0.5,gis_post_distance,True,Post-to-post distance; 0.5 m intercept spacing
BGP160E,6.5-6.6,6.5,6.6,99.9,200,0.5,gis_post_distance,True,Post-to-post distance; 0.5 m intercept spacing
BGP160E,6.6-6.7,6.6,6.7,99.8,200,0.5,gis_post_distance,True,Post-to-post distance; 0.5 m intercept spacing
BGP160E,6.7-6.0,6.7,6.0,100.33,201,0.5,gis_post_distance,True,Post-to-post distance; 0.5 m intercept spacing
BGP160E,7.1-7.2,7.1,7.2,100.18,200,0.5,gis_post_distance,True,Post-to-post distance; 0.5 m intercept spacing
BGP160E,7.2-7.3,7.2,7.3,101.7,203,0.5,gis_post_distance,True,Post-to-post distance; 0.5 m intercept spacing
BGP160E,7.3-7.4,7.3,7.4,99.58,199,0.5,gis_post_distance,True,Post-to-post distance; 0.5 m intercept spacing
BGP160E,7.4-7.5,7.4,7.5,99.47,199,0.5,gis_post_distance,True,Post-to-post distance; 0.5 m intercept spacing
BGP160E,7.5-7.6,7.5,7.6,102.74,205,0.5,gis_post_distance,True,Post-to-post distance; 0.5 m intercept spacing
BGP160E,7.6-7.7,7.6,7.7,99.59,199,0.5,gis_post_distance,True,Post-to-post distance; 0.5 m intercept spacing
BGP160E,7.7-7.0,7.7,7.0,99.82,200,0.5,gis_post_distance,True,Post-to-post distance; 0.5 m intercept spacing
BGP160E,8.1-8.2,8.1,8.2,100.03,200,0.5,gis_post_distance,True,Post-to-post distance; 0.5 m intercept spacing
BGP160E,8.2-8.3,8.2,8.3,99.95,200,0.5,gis_post_distance,True,Post-to-post distance; 0.5 m intercept spacing
BGP160E,8.3-8.4,8.3,8.4,98.21,196,0.5,gis_post_distance,True,Post-to-post distance; 0.5 m intercept spacing
BGP160E,8.4-8.5,8.4,8.5,103.14,206,0.5,gis_post_distance,True,Post-to-post distance; 0.5 m intercept spacing
BGP160E,8.5-8.0,8.5,8.0,98.83,198,0.5,gis_post_distance,True,Post-to-post distance; 0.5 m intercept spacing
BGP160W,1.0-1.1,1.0,1.1,99.79,200,0.5,gis_post_distance,True,Post-to-post distance; 0.5 m intercept spacing
BGP160W,1.1-1.2,1.1,1.2,88.8,178,0.5,gis_post_distance,True,Post-to-post distance; 0.5 m intercept spacing
BGP160W,2.0-2.1,2.0,2.1,100.77,202,0.5,gis_post_distance,True,Post-to-post distance; 0.5 m intercept spacing
BGP160W,2.1-2.2,2.1,2.2,75.97,152,0.5,gis_post_distance,True,Post-to-post distance; 0.5 m intercept spacing
BGP160W,3.0-3.1,3.0,3.1,101.87,204,0.5,gis_post_distance,True,Post-to-post distance; 0.5 m intercept spacing
BGP160W,3.1-3.2,3.1,3.2,60.23,120,0.5,gis_post_distance,True,Post-to-post distance; 0.5 m intercept spacing
BGP160W,4.0-4.1,4.0,4.1,96.85,194,0.5,gis_post_distance,True,Post-to-post distance; 0.5 m intercept spacing
BGP160W,4.1-4.2,4.1,4.2,45.96,92,0.5,gis_post_distance,True,Post-to-post distance; 0.5 m intercept spacing
BIS097,1.1-1.2,1.1,1.2,101.74,203,0.5,gis_post_distance,True,Post-to-post distance; 0.5 m intercept spacing
BIS097,1.2-1.3,1.2,1.3,99.45,199,0.5,gis_post_distance,True,Post-to-post distance; 0.5 m intercept spacing
BIS097,1.3-1.4,1.3,1.4,99.53,199,0.5,gis_post_distance,True,Post-to-post distance; 0.5 m intercept spacing
BIS097,1.4-1.5,1.4,1.5,100.19,200,0.5,gis_post_distance,True,Post-to-post distance; 0.5 m intercept spacing
BIS097,1.5-1.0,1.5,1.0,100.65,201,0.5,gis_post_distance,True,Post-to-post distance; 0.5 m intercept spacing
BIS097,2.1-2.2,2.1,2.2,100.53,201,0.5,gis_post_distance,True,Post-to-post distance; 0.5 m intercept spacing
BIS097,2.2-2.3,2.2,2.3,99.22,198,0.5,gis_post_distance,True,Post-to-post distance; 0.5 m intercept spacing
BIS097,2.3-2.4,2.3,2.4,101.95,204,0.5,gis_post_distance,True,Post-to-post distance; 0.5 m intercept spacing
BIS097,2.4-2.5,2.4,2.5,99.19,198,0.5,gis_post_distance,True,Post-to-post distance; 0.5 m intercept spacing
BIS097,2.5-2.6,2.5,2.6,100.42,201,0.5,gis_post_distance,True,Post-to-post distance; 0.5 m intercept spacing
BIS097,2.6-2.7,2.6,2.7,100.97,202,0.5,gis_post_distance,True,Post-to-post distance; 0.5 m intercept spacing
BIS097,2.7-2.8,2.7,2.8,101.43,203,0.5,gis_post_distance,True,Post-to-post distance; 0.5 m intercept spacing
BIS097,2.8-2.0,2.8,2.0,98.19,196,0.5,gis_post_distance,True,Post-to-post distance; 0.5 m intercept spacing
BIS097,3.1-3.2,3.1,3.2,97.75,196,0.5,gis_post_distance,True,Post-to-post distance; 0.5 m intercept spacing
BIS097,3.2-3.3,3.2,3.3,100.85,202,0.5,gis_post_distance,True,Post-to-post distance; 0.5 m intercept spacing
BIS097,3.3-3.4,3.3,3.4,100.56,201,0.5,gis_post_distance,True,Post-to-post distance; 0.5 m intercept spacing
BIS097,3.4-3.5,3.4,3.5,103.19,206,0.5,gis_post_distance,True,Post-to-post distance; 0.5 m intercept spacing
BIS097,3.6-3.7,3.6,3.7,99.23,198,0.5,gis_post_distance,True,Post-to-post distance; 0.5 m intercept spacing
BIS097,3.7-3.0,3.7,3.0,100.52,201,0.5,gis_post_distance,True,Post-to-post distance; 0.5 m intercept spacing
BIS097,4.1-4.2,4.1,4.2,101.75,204,0.5,gis_post_distance,True,Post-to-post distance; 0.5 m intercept spacing
BIS097,4.2-4.3,4.2,4.3,99.09,198,0.5,gis_post_distance,True,Post-to-post distance; 0.5 m intercept spacing
BIS097,4.3-4.4,4.3,4.4,99.2,198,0.5,gis_post_distance,True,Post-to-post distance; 0.5 m intercept spacing
BIS097,4.4-4.5,4.4,4.5,100.86,202,0.5,gis_post_distance,True,Post-to-post distance; 0.5 m intercept spacing
BIS097,4.5-4.6,4.5,4.6,99.97,200,0.5,gis_post_distance,True,Post-to-post distance; 0.5 m intercept spacing
BIS097,4.6-4.7,4.6,4.7,99.53,199,0.5,gis_post_distance,True,Post-to-post distance; 0.5 m intercept spacing
BIS097,4.7-4.0,4.7,4.0,101.9,204,0.5,gis_post_distance,True,Post-to-post distance; 0.5 m intercept spacing
BIS097,5.1-5.2,5.1,5.2,100.78,202,0.5,gis_post_distance,True,Post-to-post distance; 0.5 m intercept spacing
BIS097,5.2-5.3,5.2,5.3,100.56,201,0.5,gis_post_distance,True,Post-to-post distance; 0.5 m intercept spacing
BIS097,5.3-5.4,5.3,5.4,99.19,198,0.5,gis_post_distance,True,Post-to-post distance; 0.5 m intercept spacing
BIS097,5.4-5.5,5.4,5.5,100.54,201,0.5,gis_post_distance,True,Post-to-post distance; 0.5 m intercept spacing
BIS097,5.5-5.6,5.5,5.6,99.2,198,0.5,gis_post_distance,True,Post-to-post distance; 0.5 m intercept spacing
BIS097,5.6-5.0,5.6,5.0,101.85,204,0.5,gis_post_distance,True,Post-to-post distance; 0.5 m intercept spacing
BIS097,6.1-6.2,6.1,6.2,100.64,201,0.5,gis_post_distance,True,Post-to-post distance; 0.5 m intercept spacing
BIS097,6.2-6.3,6.2,6.3,99.09,198,0.5,gis_post_distance,True,Post-to-post distance; 0.5 m intercept spacing
BIS097,6.3-6.4,6.3,6.4,101.89,204,0.5,gis_post_distance,True,Post-to-post distance; 0.5 m intercept spacing
BIS097,6.4-6.5,6.4,6.5,100.74,201,0.5,gis_post_distance,True,Post-to-post distance; 0.5 m intercept spacing
BIS097,6.5-6.0,6.5,6.0,101.87,204,0.5,gis_post_distance,True,Post-to-post distance; 0.5 m intercept spacing
BIS097,7.1-7.2,7.1,7.2,97.67,195,0.5,gis_post_distance,True,Post-to-post distance; 0.5 m intercept spacing
BIS097,7.2-7.3,7.2,7.3,100.64,201,0.5,gis_post_distance,True,Post-to-post distance; 0.5 m intercept spacing
BIS097,7.3-7.4,7.3,7.4,100.63,201,0.5,gis_post_distance,True,Post-to-post distance; 0.5 m intercept spacing
BIS097,7.4-7.0,7.4,7.0,100.45,201,0.5,gis_post_distance,True,Post-to-post distance; 0.5 m intercept spacing
BLK16E,1s-1n,1s,1n,83,166,0.5,blk16e_transects.geojson,True,Full transect line; 2025 workbook uses line-level columns
BLK16E,2n-2s,2n,2s,100,200,0.5,blk16e_transects.geojson,True,Full transect line; 2025 workbook uses line-level columns
BLK16E,3s-3n,3s,3n,60,120,0.5,blk16e_transects.geojson,True,Full transect line; 2025 workbook uses line-level columns
BLK16E,4n-4s,4n,4s,60,120,0.5,blk16e_transects.geojson,True,Full transect line; 2025 workbook uses line-level columns
BLK16E,5s-5n,5s,5n,80,160,0.5,blk16e_transects.geojson,True,Full transect line; 2025 workbook uses line-level columns
BLK16E,6n-6s,6n,6s,100,200,0.5,blk16e_transects.geojson,True,Full transect line; 2025 workbook uses line-level columns
BLK16E,7s-7n,7s,7n,69,138,0.5,blk16e_transects.geojson,True,Full transect line; 2025 workbook uses line-level columns
IND105,1.1-1.2,1.1,1.2,99.58,199,0.5,gis_post_distance,True,Post-to-post distance; 0.5 m intercept spacing
IND105,1.2-1.0,1.2,1.0,111.84,224,0.5,gis_post_distance,True,Post-to-post distance; 0.5 m intercept spacing
IND105,2.1-2.2,2.1,2.2,99.91,200,0.5,gis_post_distance,True,Post-to-post distance; 0.5 m intercept spacing
IND105,2.2-2.0,2.2,2.0,105.43,211,0.5,gis_post_distance,True,Post-to-post distance; 0.5 m intercept spacing
IND105,3.1-3.2,3.1,3.2,99.28,199,0.5,gis_post_distance,True,Post-to-post distance; 0.5 m intercept spacing
IND105,3.2-3.0,3.2,3.0,96.95,194,0.5,gis_post_distance,True,Post-to-post distance; 0.5 m intercept spacing
IND105,4.1-4.2,4.1,4.2,101.9,204,0.5,gis_post_distance,True,Post-to-post distance; 0.5 m intercept spacing
IND105,4.2-4.0,4.2,4.0,88.27,177,0.5,gis_post_distance,True,Post-to-post distance; 0.5 m intercept spacing
IND105,5.1-5.2,5.1,5.2,100.72,201,0.5,gis_post_distance,True,Post-to-post distance; 0.5 m intercept spacing
IND105,5.2-5.0,5.2,5.0,78.54,157,0.5,gis_post_distance,True,Post-to-post distance; 0.5 m intercept spacing
IND105,6.1-6.2,6.1,6.2,101.12,202,0.5,gis_post_distance,True,Post-to-post distance; 0.5 m intercept spacing
IND105,6.2-6.0,6.2,6.0,68.31,137,0.5,gis_post_distance,True,Post-to-post distance; 0.5 m intercept spacing
IND123,1.1-1.2,1.1,1.2,98.99,198,0.5,gis_post_distance,True,Post-to-post distance; 0.5 m intercept spacing
IND123,1.2-1.3,1.2,1.3,101.75,204,0.5,gis_post_distance,True,Post-to-post distance; 0.5 m intercept spacing
IND123,1.3-1.0,1.3,1.0,60.07,120,0.5,gis_post_distance,True,Post-to-post distance; 0.5 m intercept spacing
IND123,2.1-2.2,2.1,2.2,100.52,201,0.5,gis_post_distance,True,Post-to-post distance; 0.5 m intercept spacing
IND123,2.2-2.3,2.2,2.3,99.85,200,0.5,gis_post_distance,True,Post-to-post distance; 0.5 m intercept spacing
IND123,2.3-2.4,2.3,2.4,100.63,201,0.5,gis_post_distance,True,Post-to-post distance; 0.5 m intercept spacing
IND123,2.4-2.0,2.4,2.0,36.81,74,0.5,gis_post_distance,True,Post-to-post distance; 0.5 m intercept spacing
IND123,3.1-3.2,3.1,3.2,100.86,202,0.5,gis_post_distance,True,Post-to-post distance; 0.5 m intercept spacing
IND123,3.2-3.3,3.2,3.3,100.53,201,0.5,gis_post_distance,True,Post-to-post distance; 0.5 m intercept spacing
IND123,3.3-3.0,3.3,3.0,,,,NEEDS_ACQUISITION,True,Missing GIS posts for segment endpoints
IND123,4.1-4.2,4.1,4.2,101.19,202,0.5,gis_post_distance,True,Post-to-post distance; 0.5 m intercept spacing
IND123,4.2-4.3,4.2,4.3,100.85,202,0.5,gis_post_distance,True,Post-to-post distance; 0.5 m intercept spacing
IND123,4.3-4.0,4.3,4.0,84.84,170,0.5,gis_post_distance,True,Post-to-post distance; 0.5 m intercept spacing
IND123,5.1-5.2,5.1,5.2,100.88,202,0.5,gis_post_distance,True,Post-to-post distance; 0.5 m intercept spacing
IND123,5.2-5.3,5.2,5.3,100.08,200,0.5,gis_post_distance,True,Post-to-post distance; 0.5 m intercept spacing
IND123,5.3-5.0,5.3,5.0,56.38,113,0.5,gis_post_distance,True,Post-to-post distance; 0.5 m intercept spacing
IND123,6.1-6.0,6.1,6.0,97.92,196,0.5,gis_post_distance,True,Post-to-post distance; 0.5 m intercept spacing
IND131N,1.1-1.2,1.1,1.2,98.54,197,0.5,gis_post_distance,True,Post-to-post distance; 0.5 m intercept spacing
IND131N,1.2-1.3,1.2,1.3,99.22,198,0.5,gis_post_distance,True,Post-to-post distance; 0.5 m intercept spacing
IND131N,1.3-1.0,1.3,1.0,37.7,75,0.5,gis_post_distance,True,Post-to-post distance; 0.5 m intercept spacing
IND131N,2.1-2.2,2.1,2.2,100.42,201,0.5,gis_post_distance,True,Post-to-post distance; 0.5 m intercept spacing
IND131N,2.2-2.3,2.2,2.3,98.41,197,0.5,gis_post_distance,True,Post-to-post distance; 0.5 m intercept spacing
IND131N,2.3-2.4,2.3,2.4,100.75,201,0.5,gis_post_distance,True,Post-to-post distance; 0.5 m intercept spacing
IND131N,2.4-2.0,2.4,2.0,100.41,201,0.5,gis_post_distance,True,Post-to-post distance; 0.5 m intercept spacing
IND131N,3.1-3.2,3.1,3.2,100.64,201,0.5,gis_post_distance,True,Post-to-post distance; 0.5 m intercept spacing
IND131N,3.2-3.3,3.2,3.3,98.28,197,0.5,gis_post_distance,True,Post-to-post distance; 0.5 m intercept spacing
IND131N,3.3-3.0,3.3,3.0,16.47,33,0.5,gis_post_distance,True,Post-to-post distance; 0.5 m intercept spacing
IND131S,1.1-1.2,1.1,1.2,100.12,200,0.5,gis_post_distance,True,Post-to-post distance; 0.5 m intercept spacing
IND131S,1.2-1.3,1.2,1.3,101.33,203,0.5,gis_post_distance,True,Post-to-post distance; 0.5 m intercept spacing
IND131S,1.3-1.4,1.3,1.4,98.46,197,0.5,gis_post_distance,True,Post-to-post distance; 0.5 m intercept spacing
IND131S,1.4-1.5,1.4,1.5,99.44,199,0.5,gis_post_distance,True,Post-to-post distance; 0.5 m intercept spacing
IND131S,1.5-1.6,1.5,1.6,101.37,203,0.5,gis_post_distance,True,Post-to-post distance; 0.5 m intercept spacing
IND131S,1.6-1.0,1.6,1.0,85.41,171,0.5,gis_post_distance,True,Post-to-post distance; 0.5 m intercept spacing
IND131S,2.1-2.2,2.1,2.2,,,,NEEDS_ACQUISITION,True,Missing GIS posts for segment endpoints
IND131S,2.2-2.3,2.2,2.3,,,,NEEDS_ACQUISITION,True,Missing GIS posts for segment endpoints
IND131S,2.3-2.4,2.3,2.4,101.02,202,0.5,gis_post_distance,True,Post-to-post distance; 0.5 m intercept spacing
IND131S,2.4-2.5,2.4,2.5,99.2,198,0.5,gis_post_distance,True,Post-to-post distance; 0.5 m intercept spacing
IND131S,2.5-2.6,2.5,2.6,99.8,200,0.5,gis_post_distance,True,Post-to-post distance; 0.5 m intercept spacing
IND131S,2.6-2.7,2.6,2.7,98.56,197,0.5,gis_post_distance,True,Post-to-post distance; 0.5 m intercept spacing
IND131S,2.7-2.0,2.7,2.0,101.99,204,0.5,gis_post_distance,True,Post-to-post distance; 0.5 m intercept spacing
IND131S,3.1-3.2,3.1,3.2,100.17,200,0.5,gis_post_distance,True,Post-to-post distance; 0.5 m intercept spacing
IND131S,3.2-3.3,3.2,3.3,100.98,202,0.5,gis_post_distance,True,Post-to-post distance; 0.5 m intercept spacing
IND131S,3.3-3.4,3.3,3.4,100.32,201,0.5,gis_post_distance,True,Post-to-post distance; 0.5 m intercept spacing
IND131S,3.4-3.5,3.4,3.5,99.68,199,0.5,gis_post_distance,True,Post-to-post distance; 0.5 m intercept spacing
IND131S,3.5-3.6,3.5,3.6,98.12,196,0.5,gis_post_distance,True,Post-to-post distance; 0.5 m intercept spacing
IND131S,3.6-3.7,3.6,3.7,98.74,197,0.5,gis_post_distance,True,Post-to-post distance; 0.5 m intercept spacing
IND131S,3.7-3.0,3.7,3.0,,,,NEEDS_ACQUISITION,True,Missing GIS posts for segment endpoints
IND131S,4.1-4.2,4.1,4.2,102.5,205,0.5,gis_post_distance,True,Post-to-post distance; 0.5 m intercept spacing
IND131S,4.2-4.0,4.2,4.0,147.0,294,0.5,gis_post_distance,True,Post-to-post distance; 0.5 m intercept spacing
IND131S,5.1-5.0,5.1,5.0,82.86,166,0.5,gis_post_distance,True,Post-to-post distance; 0.5 m intercept spacing
LAW118,1.1-1.0,1.1,1.0,57.81,116,0.5,gis_post_distance,True,Post-to-post distance; 0.5 m intercept spacing
LAW118,10.1-10.2,10.1,10.2,100.47,201,0.5,gis_post_distance,True,Post-to-post distance; 0.5 m intercept spacing
LAW118,10.2-10.0,10.2,10.0,98.9,198,0.5,gis_post_distance,True,Post-to-post distance; 0.5 m intercept spacing
LAW118,2.1-2.0,2.1,2.0,74.94,150,0.5,gis_post_distance,True,Post-to-post distance; 0.5 m intercept spacing
LAW118,3.1-3.0,3.1,3.0,100.51,201,0.5,gis_post_distance,True,Post-to-post distance; 0.5 m intercept spacing
LAW118,4.1-4.0,4.1,4.0,101.43,203,0.5,gis_post_distance,True,Post-to-post distance; 0.5 m intercept spacing
LAW118,5.1-5.2,5.1,5.2,100.47,201,0.5,gis_post_distance,True,Post-to-post distance; 0.5 m intercept spacing
LAW118,5.2-5.0,5.2,5.0,100.11,200,0.5,gis_post_distance,True,Post-to-post distance; 0.5 m intercept spacing
LAW118,6.1-6.2,6.1,6.2,97.2,194,0.5,gis_post_distance,True,Post-to-post distance; 0.5 m intercept spacing
LAW118,6.2-6.0,6.2,6.0,104.44,209,0.5,gis_post_distance,True,Post-to-post distance; 0.5 m intercept spacing
LAW118,7.1-7.2,7.1,7.2,99.34,199,0.5,gis_post_distance,True,Post-to-post distance; 0.5 m intercept spacing
LAW118,7.2-7.0,7.2,7.0,100.52,201,0.5,gis_post_distance,True,Post-to-post distance; 0.5 m intercept spacing
LAW118,8.1-8.2,8.1,8.2,100.08,200,0.5,gis_post_distance,True,Post-to-post distance; 0.5 m intercept spacing
LAW118,8.2-8.0,8.2,8.0,101.13,202,0.5,gis_post_distance,True,Post-to-post distance; 0.5 m intercept spacing
LAW118,9.1-9.2,9.1,9.2,98.92,198,0.5,gis_post_distance,True,Post-to-post distance; 0.5 m intercept spacing
LAW118,9.2-9.0,9.2,9.0,100.36,201,0.5,gis_post_distance,True,Post-to-post distance; 0.5 m intercept spacing
LAW118,A1.2-A1.0,A1.2,A1.0,98.68,197,0.5,gis_post_distance,True,Post-to-post distance; 0.5 m intercept spacing
LAW118,A2.2-A2.0,A2.2,A2.0,96.4,193,0.5,gis_post_distance,True,Post-to-post distance; 0.5 m intercept spacing
LAW118,A3.2-A3.0,A3.2,A3.0,100.55,201,0.5,gis_post_distance,True,Post-to-post distance; 0.5 m intercept spacing
LAW118,A4.1-A4.2,A4.1,A4.2,98.89,198,0.5,gis_post_distance,True,Post-to-post distance; 0.5 m intercept spacing
LAW118,A4.2-A4.0,A4.2,A4.0,98.52,197,0.5,gis_post_distance,True,Post-to-post distance; 0.5 m intercept spacing
TIN054,1.1-1.0,1.1,1.0,2.06,4,0.5,gis_post_distance,True,Post-to-post distance; 0.5 m intercept spacing
TIN054,10.1-10.0,10.1,10.0,4.93,10,0.5,gis_post_distance,True,Post-to-post distance; 0.5 m intercept spacing
TIN054,11.1-11.0,11.1,11.0,4.65,9,0.5,gis_post_distance,True,Post-to-post distance; 0.5 m intercept spacing
TIN054,12.1-12.0,12.1,12.0,4.99,10,0.5,gis_post_distance,True,Post-to-post distance; 0.5 m intercept spacing
TIN054,13.1-13.0,13.1,13.0,5.13,10,0.5,gis_post_distance,True,Post-to-post distance; 0.5 m intercept spacing
TIN054,14.1-14.0,14.1,14.0,5.25,11,0.5,gis_post_distance,True,Post-to-post distance; 0.5 m intercept spacing
TIN054,15.1-15.0,15.1,15.0,5.23,10,0.5,gis_post_distance,True,Post-to-post distance; 0.5 m intercept spacing
TIN054,16.1-16.0,16.1,16.0,5.13,10,0.5,gis_post_distance,True,Post-to-post distance; 0.5 m intercept spacing
TIN054,2.1-2.0,2.1,2.0,5.13,10,0.5,gis_post_distance,True,Post-to-post distance; 0.5 m intercept spacing
TIN054,3.1-3.0,3.1,3.0,5.7,11,0.5,gis_post_distance,True,Post-to-post distance; 0.5 m intercept spacing
TIN054,4.1-4.0,4.1,4.0,5.34,11,0.5,gis_post_distance,True,Post-to-post distance; 0.5 m intercept spacing
TIN054,5.1-5.0,5.1,5.0,5.28,11,0.5,gis_post_distance,True,Post-to-post distance; 0.5 m intercept spacing
TIN054,6.1-6.0,6.1,6.0,4.64,9,0.5,gis_post_distance,True,Post-to-post distance; 0.5 m intercept spacing
TIN054,7.1-7.0,7.1,7.0,4.94,10,0.5,gis_post_distance,True,Post-to-post distance; 0.5 m intercept spacing
TIN054,8.1-8.0,8.1,8.0,4.8,10,0.5,gis_post_distance,True,Post-to-post distance; 0.5 m intercept spacing
TIN054,9.1-9.0,9.1,9.0,3.3,7,0.5,gis_post_distance,True,Post-to-post distance; 0.5 m intercept spacing
