parcel,year,Cover Status,Grass Status,Transect Status,Species 3+ Status,Overall Status
LAW090,2022,Compliant,Present,Compliant,Compliant,All Targets Met
LAW090,2024,Compliant,Absent,Compliant,Compliant,Targets Not Met
LAW090,2025,Compliant,Absent,Compliant,Compliant,Targets Not Met
LAW094,2022,Non-compliant,Absent,Compliant,Compliant,Targets Not Met
LAW094,2024,Non-compliant,Absent,Compliant,Non-compliant,Targets Not Met
LAW094,2025,Non-compliant,Absent,Compliant,Non-compliant,Targets Not Met
LAW095,2022,Non-compliant,Absent,Compliant,Non-compliant,Targets Not Met
LAW095,2024,Non-compliant,Absent,⚠️,Compliant,Targets Not Met
LAW095,2025,Non-compliant,Absent,Compliant,Non-compliant,Targets Not Met
LAW118/129,2022,Non-compliant,Absent,Compliant,Non-compliant,Targets Not Met
LAW118/129,2023,Compliant,Present,Compliant,Non-compliant,Targets Not Met
LAW118/129,2025,Non-compliant,Absent,Compliant,Non-compliant,Targets Not Met
